{"pipePeriod":4.318853855133057,"isWKeyEnabled":false,"vitalityDifficulty":0.30000001192092898}