{"pipePeriod":0.800000011920929,"vitalityDifficulty":0.30000001192092898}